houses,neighborhoods,prices_2010,prices_2018
house_1,a,205450.37572734672,292000.89827478817
house_2,b,157303.5956385623,228444.10733360154
house_3,c,344257.81693261676,508021.60523888085
house_4,d,280851.48316619557,412158.1785472689
house_5,e,394676.05397094536,569272.6939229557
house_6,a,364386.30553258565,523229.16741393734
house_7,b,328279.2207191299,484633.90283983824
house_8,c,123485.46417739402,180639.76918895924
house_9,d,387116.9626263224,545862.2653514263
house_10,e,212289.93764060788,308609.22312087606
house_11,a,341339.183380602,497674.13924440206
house_12,b,97987.6616917334,146301.61102157008
house_13,c,65548.18123404011,100980.78651390426
house_14,d,214077.5954345023,317839.35156212986
house_15,e,340254.9697779864,511336.4647351395
house_16,a,271740.85845448554,390985.90317795746
house_17,b,141704.93708090537,214752.51305876026
house_18,c,158090.5520403203,246653.8583842203
house_19,d,356754.06148530624,540974.3442291473
house_20,e,306415.3219305659,461957.5605372375
house_21,a,124533.98781041279,197132.87994282707
house_22,b,292340.0021120019,470000.0215578929
house_23,c,355023.54256975994,510872.948083089
house_24,d,99090.61977409085,149655.46299760044
house_25,e,139055.13122287055,221789.6162029422
house_26,a,265128.6844372131,386382.26288505853
house_27,b,58005.60891360218,83831.78974471914
house_28,c,288112.0797267059,449667.43392897997
house_29,d,225687.92985773124,342823.24922528723
house_30,e,207946.57951045842,314899.0031000239
house_31,a,123009.64657537642,182898.46591873263
house_32,b,154369.7267471977,224750.69945438366
house_33,c,200617.8678560125,312047.39179614326
house_34,d,156158.67421630071,239995.07871170793
house_35,e,371844.4305412051,589858.1768093929
house_36,a,215834.9846682766,322791.5480604619
house_37,b,216381.70876205884,342055.94852281985
house_38,c,273454.0061630382,406621.74301041965
house_39,d,161119.73197954157,225455.57578778078
house_40,e,219530.520577236,342953.69506585854
house_41,a,200151.28092255833,295484.1162914747
house_42,b,242777.1555704751,362002.25132578955
house_43,c,83761.18570600337,129917.52829833106
house_44,d,56475.39361497791,84848.66264438602
house_45,e,236522.83635242863,345339.5750534552
house_46,a,385478.876770863,571698.6442103906
house_47,b,303486.0877867283,469029.93376496003
house_48,c,250676.5992653265,359190.78300525737
house_49,d,298295.9979977021,467648.1553887226
house_50,e,115149.1321601064,162484.6842871814
house_51,a,326468.0376047351,468200.4096494888
house_52,b,131751.50480136112,200660.1140797143
house_53,c,97095.07894871187,149464.74718873904
house_54,d,226223.4203686168,322062.49983730615
house_55,e,383441.5307066435,573292.0559026855
house_56,a,305758.75804776815,481489.5905950452
house_57,b,272155.0964641251,411401.14907435817
house_58,c,158710.72978485972,250054.29407665966
house_59,d,139132.04061388277,213365.6507971326
house_60,e,385978.05857961054,585891.0084923519
house_61,a,168034.4590610037,273338.52871097776
house_62,b,352932.9549068361,534596.7728278426
house_63,c,118260.83928778121,187804.32771249927
house_64,d,135579.67664974285,201687.83903828598
house_65,e,345557.21992348833,520250.06985598785
house_66,a,100750.02818816743,147750.62428233263
house_67,b,395008.55742304586,603801.0250467528
house_68,c,301348.1113477363,414406.8599565568
house_69,d,78280.52821042227,118026.82696785049
house_70,e,334336.73991637566,504659.1294170143
house_71,a,189392.7586174616,273331.3514958149
house_72,b,371478.5363657975,572303.9106639003
house_73,c,304218.6628560643,466018.973545463
house_74,d,164491.97998609886,251073.3255946977
house_75,e,288247.9011537342,441141.9858013233
house_76,a,55044.95764072374,78225.23584920455
house_77,b,366169.5716625079,523900.7409718595
house_78,c,346648.5255926568,502806.44023906015
house_79,d,96077.44807070513,149843.0459170268
house_80,e,290292.08941745677,432806.91130359913
house_81,a,162440.82997420093,243721.82412239327
house_82,b,291413.0777824975,431381.3791355965
house_83,c,386813.07878894405,601952.3016608879
house_84,d,338787.79498795397,487966.8896988765
house_85,e,152642.34808699874,233663.8237596566
house_86,a,90110.74121553097,126398.5698390572
house_87,b,333275.83320539625,517999.3736939754
house_88,c,376164.9435345794,523255.27721904323
house_89,d,299234.11394634866,434616.4118980275
house_90,e,282872.9966506872,435969.5157784789
house_91,a,164601.26532852047,242385.16770283403
house_92,b,284602.2855896186,418736.2202955895
house_93,c,114699.73527195216,167657.040687174
house_94,d,220334.81625142493,326539.4636921363
house_95,e,123475.95787366248,190759.10701494227
house_96,a,355179.6183221025,524801.5929190138
house_97,b,134543.93339097442,209294.96611904795
house_98,c,384388.1739714893,576768.2163166705
house_99,d,201349.64120115974,304831.865594767
house_100,e,367332.3627459123,547614.0210265431
house_101,a,271022.93283985177,398921.1401162796
house_102,b,164101.32426886528,245822.68045003607
house_103,c,141003.77577610765,213030.9247456253
house_104,d,110261.94469040359,166787.0306579592
house_105,e,282999.8830635368,421736.7299737396
house_106,a,166089.02269431716,247092.25088452117
house_107,b,382327.96930538653,575590.5715076588
house_108,c,236274.65768002626,360588.17749186145
house_109,d,329622.3659053419,490138.71975119493
house_110,e,267895.0660414343,406961.64978734206
house_111,a,250774.18088982604,380469.9193354846
house_112,b,294261.1912138695,411932.7737966728
house_113,c,184014.3139461486,260412.8548940613
house_114,d,260440.1349829074,374124.7110574965
house_115,e,228722.48467616754,337258.0908974662
house_116,a,383013.07284896617,561287.1428814199
house_117,b,393143.3658808952,559818.8908388974
house_118,c,79300.37261937423,119983.64820373863
house_119,d,194143.879671035,291422.01964674884
house_120,e,102674.30850780499,150569.96924365382
house_121,a,388568.0472419827,619911.3624834751
house_122,b,241235.87861280688,344870.2306010037
house_123,c,387729.82658192504,583423.2799919464
house_124,d,284429.4348876171,429626.06270707626
house_125,e,248134.53497843037,384546.6441989288
house_126,a,377214.6222752594,575208.2836197347
house_127,b,223684.8848497015,311803.4543400891
house_128,c,201312.87521585965,305526.50353244337
house_129,d,160112.1682507076,245320.6748743129
house_130,e,155711.48246972024,240204.28432581687
house_131,a,291091.1468485685,433242.5860716756
house_132,b,126485.28274824024,190109.31885374786
house_133,c,392529.0645195271,575870.9938999674
house_134,d,254074.5374168677,383018.37252673245
house_135,e,258377.2594972024,409918.9953122613
house_136,a,389750.8099336944,626446.6901402029
house_137,b,378672.3059497969,592471.8298261241
house_138,c,224745.93453609975,346916.62182272115
house_139,d,291961.0132221744,437185.7308034656
house_140,e,213468.50117456788,300777.6242107941
house_141,a,59276.00724859468,86848.10618640785
house_142,b,268812.3935348933,399502.38219332945
house_143,c,86315.91253850452,127603.3412882025
house_144,d,164755.02913442382,247301.52053744651
house_145,e,277272.6724966836,402277.2914813381
house_146,a,375180.986610162,567769.8910005554
house_147,b,264834.41381680884,394943.27002018056
house_148,c,85178.42395548834,119315.50362006466
house_149,d,157245.71704226162,246369.1228180028
house_150,e,317040.28462568164,488474.3157444141
house_151,a,133906.88352566608,198034.95746627863
house_152,b,185479.73154914525,291998.0665620282
house_153,c,342640.06125439197,541102.3484522916
house_154,d,374492.85616523685,546989.5549020416
house_155,e,372931.8848558862,574052.9154012861
house_156,a,330167.99603391177,462160.7096341279
house_157,b,101658.46076615917,147321.38351116548
house_158,c,203596.86942920138,301345.7272212983
house_159,d,255347.87756480306,407875.03071887296
house_160,e,113560.82385104682,173642.57620817082
house_161,a,271679.4492004164,401269.15463468
house_162,b,269518.7169123434,420884.60773964605
house_163,c,87339.05656222635,130153.09924932099
house_164,d,363979.90347923257,550012.4400965488
house_165,e,268883.46291761845,395303.05690146104
house_166,a,166435.6576781044,235347.76117755
house_167,b,379587.4321245549,540739.3423303032
house_168,c,110344.03032163644,166069.79720796525
house_169,d,258566.00672193032,413174.04029432347
house_170,e,59026.57079200597,86817.97660671402
house_171,a,237434.39026827656,364437.83118406264
house_172,b,84580.01981747434,128295.09284700376
house_173,c,65299.8756043521,93880.29969056821
house_174,d,93721.44077240801,141978.665371694
house_175,e,213329.4598054106,330727.1789230685
house_176,a,194441.40405567843,278200.0992616092
house_177,b,328993.20962509315,496994.26699120307
house_178,c,181417.88321854625,280283.5339930845
house_179,d,297809.53405995294,449456.96221457986
house_180,e,108778.09428024852,167930.41412171247
house_181,a,217384.80170665818,317624.683774786
house_182,b,191535.02553534947,287563.17310656235
house_183,c,398370.70834918733,608352.293377386
house_184,d,315378.80892685306,461384.8265251408
house_185,e,107422.50580695238,158368.33736271458
house_186,a,385958.82794540754,588138.6939112693
house_187,b,233646.43065109744,342166.3655847081
house_188,c,363355.6594141212,547138.8061120696
house_189,d,73040.51827098265,111593.08632541307
house_190,e,384254.8707346928,566676.1746179569
house_191,a,307789.9867013362,460619.9502949923
house_192,b,301742.07778919395,452555.226092902
house_193,c,304652.11375812377,461895.8723496572
house_194,d,152964.36529750863,237042.19171074993
house_195,e,246074.5481826558,368249.61597426777
house_196,a,264985.63046863,380903.1039102581
house_197,b,226011.2744519728,333888.1640528056
house_198,c,213801.78527293567,307113.94310796476
house_199,d,149296.8863783669,229473.5046524667
house_200,e,313359.9845081006,463892.3956461641
house_201,a,253084.13581950282,375714.0967729132
house_202,b,229925.73016355012,339037.2403260766
house_203,c,250435.84727849092,387031.14630480227
house_204,d,176021.40709721166,279063.4512945053
house_205,e,253544.35655719164,361061.8872315719
house_206,a,198457.35441988957,298122.57291438937
house_207,b,138148.6453966454,196666.43670507564
house_208,c,71684.29935178392,107848.2572979097
house_209,d,200067.74606934076,310286.6689968804
house_210,e,93430.34455465317,141587.0575915887
house_211,a,113994.28162694366,172992.30858124472
house_212,b,269673.79763571394,393876.53657129663
house_213,c,201661.71940730014,292073.8775096622
house_214,d,222932.81148537988,329170.70643279265
house_215,e,58055.789724431896,83550.31831586637
house_216,a,79644.63421567065,124066.77444012769
house_217,b,392938.0057465997,579755.3680581896
house_218,c,188895.70635753789,266240.62459254847
house_219,d,97580.8161398801,143685.03263695564
house_220,e,55721.266738029706,78847.17720842014
house_221,a,289449.14846090996,448750.30675484415
house_222,b,198084.97817880052,315054.8004543755
house_223,c,86663.56478939448,125204.30553341926
house_224,d,275733.8135545525,390406.6319188652
house_225,e,185769.22926163074,283265.0503578684
house_226,a,127935.93071065265,189317.20787059065
house_227,b,325002.1482006263,507478.7550509302
house_228,c,325019.661009936,479093.3987470567
house_229,d,269102.27308043884,421345.36454486503
house_230,e,186338.78245540606,270668.8725678519
house_231,a,155316.1050781189,237767.0215133043
house_232,b,155963.0551740393,236984.63225577597
house_233,c,179064.29639850243,264343.0409844957
house_234,d,357319.72323801025,521083.9696757227
house_235,e,234758.14962545634,339446.43054993433
house_236,a,221875.7557835896,345923.543814858
house_237,b,307191.130195645,444885.17901556124
house_238,c,330037.01260523935,508745.6909544879
house_239,d,70022.12967936421,106809.43369802323
house_240,e,387326.7524921964,568875.6142764909
house_241,a,186158.92447223674,260678.44732532403
house_242,b,384491.93128798064,584745.4829074714
house_243,c,281190.7091730159,399007.6753281915
house_244,d,113586.55927352181,171639.85949868124
house_245,e,191663.45347947453,290189.834116247
house_246,a,369264.0854272557,580529.4022879201
house_247,b,326109.0384602374,464762.95221814094
house_248,c,104529.67409239679,145747.98638244887
house_249,d,319190.09944504336,494233.8899882572
house_250,e,165942.00577917875,240263.9475953442
house_251,a,62100.46906033303,89827.21593260302
house_252,b,326165.89170309476,468728.59661953046
house_253,c,192154.77712543495,274499.05827059166
house_254,d,395647.7038029655,580550.9402356083
house_255,e,250451.47991194102,369955.3967781047
house_256,a,171886.95801176468,250338.34923541851
house_257,b,181078.61172703322,266855.37111431675
house_258,c,323033.7210952201,461363.17108543357
house_259,d,268758.9233065634,383214.38560224656
house_260,e,208125.9498745365,326924.83449106937
house_261,a,356290.55225891393,519256.0707172592
house_262,b,193258.08609201293,280714.2009386051
house_263,c,230560.99634272206,341591.51463458507
house_264,d,281090.8014149046,430167.9251251183
house_265,e,220270.21480831725,328258.3278578197
house_266,a,371948.51823540975,549875.980416315
house_267,b,339473.2843195684,513657.69159685646
house_268,c,339224.30119704036,511973.4698796775
house_269,d,361696.19261297537,528319.4573323262
house_270,e,52711.837596945436,81859.69416690728
house_271,a,382838.96393289993,517495.6100213568
house_272,b,293279.7238697198,436941.765372292
house_273,c,81661.3324837481,119560.12064149838
house_274,d,121807.08978599678,184389.21783991635
house_275,e,358185.3536122304,530030.5814491742
house_276,a,120697.30405562562,174102.8434706744
house_277,b,323872.10517184954,487141.1116447842
house_278,c,393958.6648525978,618773.033438469
house_279,d,248656.5166857774,354426.02839818544
house_280,e,109645.99288364472,162457.52818521942
house_281,a,87421.38572512896,130360.72510583575
house_282,b,356616.5558086065,538458.4858580468
house_283,c,215841.59844896372,327171.34806168894
house_284,d,269789.2119266107,403326.9699803124
house_285,e,179725.73668711842,271641.19225529546
house_286,a,335126.91038329824,506973.65767083724
house_287,b,194559.80961197097,298932.1374377106
house_288,c,289175.6143223314,426303.7994336775
house_289,d,283340.1945906466,428772.58128155366
house_290,e,282332.49840276607,408122.2724621302
house_291,a,267203.0708606383,394245.1273151163
house_292,b,312117.5389653717,476336.59303359233
house_293,c,291757.0528865754,439598.8338713126
house_294,d,91038.91610574113,137230.5885613539
house_295,e,95653.47735894276,145487.79394570415
house_296,a,164424.46949375654,255845.75938300096
house_297,b,153095.54001413082,244074.54005337728
house_298,c,258935.8040763885,393795.25298535265
house_299,d,69647.35058572653,106539.98789577062
house_300,e,229858.8126940058,341072.69687422685
house_301,a,355405.40458474524,535157.0877037202
house_302,b,174907.79768283304,263565.30281318515
house_303,c,317777.13442765,473677.17261122464
house_304,d,75198.74304534977,117993.47293987832
house_305,e,119485.58787875244,172739.4618912837
house_306,a,133672.7305956991,203155.17625430957
house_307,b,261958.0969556152,384878.6490355156
house_308,c,138531.0166520474,208920.611167612
house_309,d,110516.5650634658,164265.67315848332
house_310,e,398667.24034847424,599220.8746634788
house_311,a,105376.63093570218,150885.4646531956
house_312,b,178001.5540302039,277889.10863718065
house_313,c,251096.30784589745,378685.38919847703
house_314,d,188717.29714367542,261316.8314496508
house_315,e,357932.8798860208,499315.69071411714
house_316,a,85879.81446334666,130613.11369873316
house_317,b,74358.70467339916,111337.64710965188
house_318,c,360889.4633816905,544886.8606498456
house_319,d,62015.3984205744,89803.329464907
house_320,e,229840.81266135897,341950.94631134125
house_321,a,161859.80004194286,242633.40246589357
house_322,b,167611.3620264323,259156.21130157105
house_323,c,120734.21540907536,176695.19289304054
house_324,d,372009.2022904039,558858.9562671019
house_325,e,104859.56930563712,161148.9173658605
house_326,a,368566.5679114634,572370.2484651847
house_327,b,120386.38472996291,180375.35257449668
house_328,c,77332.4436406788,119113.93234053875
house_329,d,368786.83525852725,563778.4993968955
house_330,e,70727.2534796688,101213.40046704016
house_331,a,280940.41360034223,453029.0549742661
house_332,b,354762.916381557,540484.7562043504
house_333,c,155707.85269216905,235611.56185054404
house_334,d,53660.812684235905,80484.77573903033
house_335,e,85668.4527450633,132837.02170451637
house_336,a,93302.48788909608,137172.15224629274
house_337,b,292284.57316262263,426700.60705601505
house_338,c,252153.93500807765,403623.6019156652
house_339,d,85951.47482591432,133430.98524883378
house_340,e,232145.7819445406,347307.53137092915
house_341,a,269416.0171662973,395006.67452307604
house_342,b,181830.32482510444,267109.31935601775
house_343,c,193075.51473195036,300692.44814628956
house_344,d,75655.57400662213,114137.8785769349
house_345,e,225971.4342485971,337507.8966417694
house_346,a,181478.7764326728,291778.39285513706
house_347,b,92383.66816991652,141845.38614625408
house_348,c,328112.47487858037,504227.2068619481
house_349,d,350909.9413890407,530431.2731025437
house_350,e,300250.5441473633,439869.75940626755
house_351,a,383444.8287516412,614635.73038958
house_352,b,399370.4849757506,653649.2078148773
house_353,c,270512.8317588238,385797.07694705133
house_354,d,77476.31006285791,110743.32739866697
house_355,e,92641.28321326987,142695.95621050018
house_356,a,235945.24146664885,358868.7515091168
house_357,b,324918.4013751211,508454.5120424268
house_358,c,215735.10162171398,339647.19305802934
house_359,d,241074.33520361583,334007.9236962833
house_360,e,169983.82326966524,249730.46078188616
house_361,a,96891.68845192823,141035.4481226977
house_362,b,178586.1984576667,255593.05293203317
house_363,c,370490.77295550006,582680.049454937
house_364,d,310862.0369696572,487514.019813072
house_365,e,262916.3925281218,393237.941523277
house_366,a,222656.65447555497,327326.4549643454
house_367,b,243226.32084159128,368937.55998868146
house_368,c,140086.09364126922,212815.54750215198
house_369,d,298594.14565356076,454075.2134433248
house_370,e,202973.62479497734,317507.106139278
house_371,a,306983.50221594924,460404.7039131767
house_372,b,222125.7849113508,341792.8092828736
house_373,c,279843.24482171657,422504.94113176514
house_374,d,70643.46900643742,110450.68140588574
house_375,e,343704.64895868255,549792.963589403
house_376,a,251243.03555293512,384711.01346980315
house_377,b,128890.95515135657,202606.29909823532
house_378,c,318980.4380487861,476521.531163178
house_379,d,162817.84277882753,260445.34119096247
house_380,e,398134.7370960969,606288.6589169283
house_381,a,159561.69847793633,234511.47310617904
house_382,b,345664.1061698441,533081.3432842171
house_383,c,329472.63973343826,523954.87419030536
house_384,d,147054.1539704355,229665.0497722435
house_385,e,249717.35686417224,378736.7560126674
house_386,a,361645.25501707604,561938.7813918412
house_387,b,72137.8777932612,109730.47937182104
house_388,c,278144.7955257534,405663.51103668334
house_389,d,175722.99254025734,244701.96517040554
house_390,e,381073.35136081424,590816.9787561666
house_391,a,273477.62058730476,405875.4452369094
house_392,b,399521.4920838105,582827.0898782029
house_393,c,221874.77123913573,331622.4154897082
house_394,d,315060.249860684,472337.6927198653
house_395,e,184532.78325369064,279224.2310674883
house_396,a,252453.54941480712,350629.2667965944
house_397,b,228039.47465925524,340566.4549779977
house_398,c,364035.479302469,540201.4626264116
house_399,d,235361.20436446334,375834.87334738934
house_400,e,396025.1939695355,582349.8318073023
house_401,a,290823.47515853983,456017.3283402676
house_402,b,355528.68029330485,544647.0045392679
house_403,c,259409.52455179888,377583.5626320253
house_404,d,322456.4074073772,484144.60621390864
house_405,e,346932.4238115162,539497.5017773539
house_406,a,90835.53285186835,134958.8229000691
house_407,b,307044.5782034956,484576.44667207403
house_408,c,286030.90754890686,462066.6337543007
house_409,d,231870.44918828053,339119.73049840366
house_410,e,374406.291408417,569346.8021971517
house_411,a,78308.18066519854,121288.11118676157
house_412,b,347154.1467917806,554744.2693947194
house_413,c,203079.41597841136,297504.14511887846
house_414,d,114752.03995167231,162944.64384821113
house_415,e,109462.63170341047,161445.90283847132
house_416,a,118122.41378046399,174354.32582373064
house_417,b,244211.6118212809,351264.8217179704
house_418,c,117886.7799711643,181133.93149613554
house_419,d,172056.78824035788,248643.54328261656
house_420,e,312726.02969790273,495176.683065889
house_421,a,380405.3414519617,577492.9428368731
house_422,b,111813.80927777484,165756.13215768966
house_423,c,357127.78130278876,517486.069498639
house_424,d,53568.54772486515,79527.2701626441
house_425,e,273675.230802596,424675.317360889
house_426,a,363574.0002800734,524478.3947423132
house_427,b,241120.8347962993,391914.71593637177
house_428,c,397710.7666767669,613740.5143060553
house_429,d,343320.7803983891,524438.0751068216
house_430,e,364854.94784981717,521571.42043395125
house_431,a,338417.81033718836,515224.64359668514
house_432,b,105945.83457435832,156940.49700854733
house_433,c,317563.8373594672,487814.47399923066
house_434,d,173046.49480736395,272443.2639781277
house_435,e,321630.32942618884,484336.53510611446
house_436,a,396178.8151542219,593578.1515438495
house_437,b,224937.9553142978,331687.43455801165
house_438,c,161532.78383004584,236773.33403009415
house_439,d,310796.86239582463,463100.30180088396
house_440,e,175674.91206936276,247752.01245604892
house_441,a,233365.97282785448,345381.22741611395
house_442,b,163749.95980789355,246479.1738789817
house_443,c,268112.13346575154,433514.5472596664
house_444,d,59155.93449217668,92886.88774399148
house_445,e,219013.71083662912,310075.5821472204
house_446,a,354880.65032568603,565343.6856421916
house_447,b,162851.35741546733,253746.45480367733
house_448,c,221908.90031936235,337236.5119859647
house_449,d,120046.78581706961,176534.9164546734
house_450,e,285156.04386352986,444853.4970484818
house_451,a,335757.39716577495,500292.2167090503
house_452,b,107317.49531801278,164376.91998426165
house_453,c,353880.4838926938,523987.3682063662
house_454,d,262075.59554050036,391894.4008806887
house_455,e,341410.74236563285,479253.1042736628
house_456,a,316224.0955759754,512605.3467872846
house_457,b,366514.00725559785,563975.5419135712
house_458,c,382246.8161460602,573495.7749779383
house_459,d,110198.76293437186,166103.70702719572
house_460,e,350100.30396039574,501810.70209167013
house_461,a,60741.171612384,89545.75721717236
house_462,b,124760.36516794644,198982.39782499825
house_463,c,121087.37683158014,193508.3852847392
house_464,d,89173.62099270136,138623.17649787915
house_465,e,227652.3585804422,347038.73764413793
house_466,a,342895.3381994268,506750.76608037384
house_467,b,254513.71975319303,374149.56824928126
house_468,c,355591.10914370057,523519.563507763
house_469,d,80650.59325712966,124497.50175535624
house_470,e,108816.46571643898,158999.24837338828
house_471,a,331342.90589099325,514652.2129444015
house_472,b,152325.49456259655,233500.18317360492
house_473,c,133304.85264324353,203024.30036984076
house_474,d,228385.11725591496,328217.35543249885
house_475,e,217394.95457665523,340166.56330587564
house_476,a,298937.6743463792,462354.57410539343
house_477,b,50912.18050016722,75531.95914781616
house_478,c,131032.67894022555,189879.44670215022
house_479,d,159547.98624629976,246105.04560047176
house_480,e,200247.9545712866,295809.9762771636
house_481,a,264242.1892328849,394060.3530183155
house_482,b,366322.4141746067,560090.9418313559
house_483,c,389546.8754010076,587296.2874920908
house_484,d,372887.2858571765,571503.3273887081
house_485,e,276335.8139931842,411709.7422078209
house_486,a,92092.43812249071,141157.3367285335
house_487,b,273756.5525691239,426761.7712402615
house_488,c,238224.15716900385,335084.5664848529
house_489,d,183423.7965693467,285349.40277325385
house_490,e,391322.9809604977,598565.056191313
house_491,a,304629.45413641806,452309.466116674
house_492,b,152693.55628493155,227266.70345860985
house_493,c,231875.38333519836,327508.1570545593
house_494,d,380996.38731533353,567067.1667850434
house_495,e,73376.87161922903,109166.91731704843
house_496,a,288304.55018945807,418977.64063738124
house_497,b,197060.4079457682,279089.04924961
house_498,c,176953.11473018338,268356.6144211338
house_499,d,120039.3182664948,180398.38462064395
house_500,e,189868.6589040676,285760.3058467014
house_501,a,159876.53849769128,243513.3475612413
house_502,b,149338.76310439972,226621.2659711186
house_503,c,183780.84263183453,275644.22523870185
house_504,d,111587.10132792767,167193.84987682133
house_505,e,75881.85262889325,115189.24730725019
house_506,a,99836.36577878628,156595.3168437162
house_507,b,299743.45086222177,451886.61915588623
house_508,c,115156.92399902585,179231.63428883304
house_509,d,107385.97701301951,165519.6647272596
house_510,e,368066.40243796067,544440.8609524753
house_511,a,50048.435855073556,77640.77584920281
house_512,b,323405.9862371452,471859.9329249993
house_513,c,218186.260071147,317426.3335137627
house_514,d,163232.15397448622,234695.76216603478
house_515,e,338170.41995877255,536408.3463982719
house_516,a,320965.78616861295,490688.8480529826
house_517,b,206719.35718651064,293967.83379811473
house_518,c,194727.72154865364,301367.085057877
house_519,d,215486.5374252408,315039.26937122195
house_520,e,119971.57231312462,172641.3510946897
house_521,a,394523.20244951354,585515.0264875236
house_522,b,191816.5912255855,269183.4379419259
house_523,c,227741.41930204935,351422.54876151605
house_524,d,178729.56614595023,282201.8526275825
house_525,e,362267.19866566,539921.9595538153
house_526,a,383921.0510537629,609778.6603137263
house_527,b,133976.48978334028,198668.12560973477
house_528,c,335191.4831372372,531287.8731958928
house_529,d,116134.78156984481,179133.20681950054
house_530,e,205324.98890023513,310158.8982222099
house_531,a,331618.7755941174,517334.7416348487
house_532,b,323628.9475129633,484135.0785856341
house_533,c,206581.8301369822,311752.2271421423
house_534,d,332105.85350193956,486664.4094458143
house_535,e,311947.4234323333,461719.4553038652
house_536,a,82391.82412177249,122701.66878224631
house_537,b,148570.38252619968,217480.00926441647
house_538,c,107028.29615918132,167090.87079789673
house_539,d,378514.4388837319,603872.8257741482
house_540,e,353837.85210471187,547922.0428724687
house_541,a,359449.82795767323,524575.0353008173
house_542,b,375148.99019295047,578495.7747997296
house_543,c,390101.0177687306,599720.6103220695
house_544,d,137151.63103962055,203729.7112335014
house_545,e,66341.7796596598,98234.50254255191
house_546,a,199214.05543702238,303549.13101515
house_547,b,100183.42051280265,144248.98756226109
house_548,c,160718.06600584183,237096.29281955888
house_549,d,84280.7945260722,121456.25158539363
house_550,e,251045.58822565107,372368.9246614911
house_551,a,287337.7706386399,419162.6450958297
house_552,b,254954.44028234744,379369.11938948417
house_553,c,310033.5860929475,465421.08772895136
house_554,d,129709.99591718694,186388.49329885608
house_555,e,363901.251775368,572844.1380257356
house_556,a,378792.601367762,571711.0996178429
house_557,b,70805.73345650625,101421.93611107112
house_558,c,123039.9101494477,193214.686969356
house_559,d,138005.19731588842,200176.56780406032
house_560,e,94845.55133617422,150859.22059308004
house_561,a,220124.92048676137,339413.4525814457
house_562,b,325590.0570675227,500546.00786757586
house_563,c,354463.0410709598,523469.18856361456
house_564,d,94956.50394270557,136175.1606068969
house_565,e,86989.56254757775,123879.48519293593
house_566,a,180685.4204759752,265566.2861294926
house_567,b,307070.82124594704,461107.8036055589
house_568,c,73610.09881614386,109301.62200844237
house_569,d,73230.2824687665,109465.32509904451
house_570,e,274731.70148888725,413631.7264653935
house_571,a,267386.57946925604,395559.0770042991
house_572,b,178141.34806459787,281459.2407243249
house_573,c,355581.0932593701,551149.9504222578
house_574,d,132308.4866540693,193410.51087337954
house_575,e,261343.60935003354,388685.9879681819
house_576,a,219531.27087102976,330805.8495504743
house_577,b,258536.8643709329,411767.8174439413
house_578,c,216083.9144710502,313356.21132458583
house_579,d,337104.7729512053,498982.5821108266
house_580,e,230803.13414627826,339721.95909264125
house_581,a,244914.25662988683,396013.40032909927
house_582,b,142557.28036347427,218950.44891389375
house_583,c,330187.55379407457,486187.1770061455
house_584,d,282922.3629919919,410445.92185500945
house_585,e,156943.24618966202,240297.32731295298
house_586,a,243174.28411990165,375949.61724406225
house_587,b,397169.6495138003,598711.5594068723
house_588,c,293514.4420959687,456696.86429871985
house_589,d,205920.82010200055,303603.53739658
house_590,e,253828.93020625444,399735.31209160405
house_591,a,213909.59872108835,324105.11008762347
house_592,b,212455.91947390483,319042.420662528
house_593,c,248405.47450305376,365220.44535333116
house_594,d,193087.0224596175,289176.84472623706
house_595,e,124138.74606696006,184745.43614774794
house_596,a,352534.1418972759,560478.2376451356
house_597,b,80241.08304422692,114154.38529445979
house_598,c,150403.24763930505,222453.38062330702
house_599,d,114661.2252282192,169236.8715269624
house_600,e,56984.128713693906,87284.04776713296
house_601,a,379718.9016440892,548613.2917284458
house_602,b,137385.88648286834,198859.57085732548
house_603,c,231890.65666524298,351565.3747966404
house_604,d,117463.94976001984,179491.62148221585
house_605,e,53965.79457865811,78867.77001979458
house_606,a,226792.01745216243,329634.6802193832
house_607,b,295545.5857222859,460161.32097719534
house_608,c,243674.16007865098,368830.32555714797
house_609,d,91368.61356299107,134426.34307049648
house_610,e,204734.31163092155,306439.07792786625
house_611,a,232873.3455923512,360123.7675164415
house_612,b,54391.60979349045,80960.68954995037
house_613,c,123035.41901446224,192432.21741409405
house_614,d,80817.98038195494,118882.11216118757
house_615,e,361538.76431942865,526416.7621424337
house_616,a,123658.81468198191,180066.44643506466
house_617,b,397944.6618834318,568234.6946663695
house_618,c,116342.5913163249,185430.5043377401
house_619,d,287525.36956548656,426098.0125021253
house_620,e,56971.48468017964,83030.13944888566
house_621,a,330901.9925599313,493548.36298838863
house_622,b,254999.6783479336,367590.05104384536
house_623,c,216109.10534771587,311464.8099300266
house_624,d,181461.0766171015,280635.5190805461
house_625,e,109166.82799673997,158514.8193063749
house_626,a,50259.07963004519,70092.6759211883
house_627,b,367764.5535601055,562213.6787120369
house_628,c,339834.175145245,540875.4952346287
house_629,d,134600.174053165,195562.6918874784
house_630,e,369145.6795244315,541664.4571081151
house_631,a,342373.2635337866,491538.2720824167
house_632,b,125598.69344407883,195707.02196238626
house_633,c,157212.29939656754,229167.11691427117
house_634,d,197556.745963824,295738.92881324404
house_635,e,330220.51334686176,517256.2353362522
house_636,a,372939.1899983332,554135.2981334736
house_637,b,101619.29327195518,154979.87800591296
house_638,c,77821.68162302753,112222.41175303666
house_639,d,250975.67869521558,342682.1403646003
house_640,e,217237.11549088435,318957.6121022106
house_641,a,394289.3100136372,584056.4026803062
house_642,b,132238.494521829,203265.2955635166
house_643,c,79444.52202877504,116788.82156261805
house_644,d,358378.66471934464,550599.6313919631
house_645,e,377669.6163729863,564656.295093668
house_646,a,67840.56762875192,99839.81075267143
house_647,b,279642.2377416929,406475.05566456926
house_648,c,293096.23687824374,438486.52733701136
house_649,d,169488.15055632207,261054.83772936984
house_650,e,380089.45292171557,558335.4478223623
house_651,a,93010.1202714125,126572.16735491254
house_652,b,223374.89530248902,320498.96475639555
house_653,c,163004.9683958501,241578.57622957428
house_654,d,159030.89493753784,248323.34496949092
house_655,e,116856.25228883217,175365.4118351317
house_656,a,382152.89123532054,564403.2699666667
house_657,b,317815.4615483383,481741.8803177905
house_658,c,181493.7259581416,269162.756241204
house_659,d,295637.2485413767,447493.7797829939
house_660,e,268226.43973283016,392118.2015182142
house_661,a,177390.12035990058,259483.4470042576
house_662,b,386744.5486014997,613540.2146602566
house_663,c,108133.10355321185,168393.09376787744
house_664,d,305326.3622064894,466229.0872035807
house_665,e,388714.1730936117,602711.6419672606
house_666,a,72207.78380704854,110300.42031054659
house_667,b,250725.212660724,371576.13263058424
house_668,c,272476.6472262079,411031.9472560886
house_669,d,280189.2571567503,440952.7572808205
house_670,e,203143.50903107342,305807.817663441
house_671,a,213830.43446144694,296238.4779858739
house_672,b,96758.44418084822,151147.61288810277
house_673,c,279102.2262033415,419127.7748557862
house_674,d,272014.4989744206,405008.1923311338
house_675,e,206537.9962146699,285434.2752319559
house_676,a,88785.61013666066,131231.81140819492
house_677,b,226399.16978357162,309872.29068814736
house_678,c,343893.8733004394,514282.47115058487
house_679,d,330251.64794339245,501115.91290359886
house_680,e,212754.6060983337,311853.3145834901
house_681,a,159593.6238892918,227074.42650037011
house_682,b,249484.12294011016,372416.69596480794
house_683,c,216884.84760761374,320823.3485181236
house_684,d,182324.06151000684,270594.9607251602
house_685,e,204532.6021468991,295303.2689264573
house_686,a,137565.7337562836,200962.91525881967
house_687,b,244281.70715216288,369084.4502867158
house_688,c,213001.3411755151,315119.62360164704
house_689,d,276531.34603818343,433406.35635263746
house_690,e,284967.7159644475,423333.07616733765
house_691,a,383483.2842339139,570148.5016107581
house_692,b,355974.9217573968,553062.3321878277
house_693,c,194633.4535489922,289847.03919489874
house_694,d,281492.02842092165,427746.45358359517
house_695,e,75198.61282542755,110627.84345135193
house_696,a,211137.08292689524,324598.1225100087
house_697,b,221438.53469653206,332706.7889127647
house_698,c,362241.89023800776,539714.2296471584
house_699,d,176739.68828980514,270505.12363668473
house_700,e,112519.15322559237,168684.38407716787
house_701,a,247824.75540404412,382025.15408420516
house_702,b,242255.09022794382,370798.86312245164
house_703,c,254234.05550195754,388214.9374379617
house_704,d,179121.02807637822,256662.50123837695
house_705,e,202900.2543320139,306205.85278835165
house_706,a,244382.071388214,361124.4810801045
house_707,b,270276.9695159355,406815.1754461915
house_708,c,118400.77420516837,167393.6908076179
house_709,d,71192.76721034497,108010.34625697446
house_710,e,330270.1773485272,485937.23324279324
house_711,a,268921.63872572273,382441.541506154
house_712,b,294542.0595933511,444648.6155550645
house_713,c,69084.50761246531,109353.77590319695
house_714,d,216041.03577151918,339691.05529653997
house_715,e,266453.45119470544,382584.53763393505
house_716,a,290262.35355913884,413166.84722764674
house_717,b,373150.3412264396,535539.2883138495
house_718,c,52847.35056964058,81178.83666327666
house_719,d,360729.1676279418,546529.7325921009
house_720,e,108961.37227560603,158878.46501910102
house_721,a,372081.05262209976,568096.6999641613
house_722,b,341452.10710206383,563212.0503906902
house_723,c,385352.31601566763,567467.5209210984
house_724,d,157052.01981007025,256139.91824544693
house_725,e,264447.7159007117,408249.9328318228
house_726,a,299340.16253372154,455746.9682892816
house_727,b,78997.65135393768,118995.59563872039
house_728,c,338139.05751308857,509742.16961002286
house_729,d,375940.2151212941,558709.6078756823
house_730,e,117911.00064528969,173381.41468621566
house_731,a,288645.5834470517,444902.1940946129
house_732,b,387719.1933182207,593469.4378168571
house_733,c,150168.29664082703,227484.76545850254
house_734,d,154551.3942683671,230195.26549604186
house_735,e,64177.51307300491,90504.51680092674
house_736,a,55424.52718436669,84558.28188878846
house_737,b,132589.2382102679,205162.41395845482
house_738,c,68108.9987307725,98006.87213457901
house_739,d,296509.52023175947,463971.73322068836
house_740,e,283065.7263964303,427287.73772403813
house_741,a,141521.04793100344,208761.97637675153
house_742,b,154275.2867886948,233906.4959442371
house_743,c,356631.3865782612,557565.0080552318
house_744,d,97109.82876245034,146814.14788041846
house_745,e,284621.40196535445,428176.415428388
house_746,a,214154.2787577668,304336.61538347375
house_747,b,292639.6529991514,426076.51403691043
house_748,c,159802.23506022623,244335.9251391209
house_749,d,196961.82537259138,290761.8746214971
house_750,e,114133.70578302519,165240.04699545435
house_751,a,51067.9396189724,77630.59412753147
house_752,b,55862.92987581098,85868.31431760888
house_753,c,143455.98066926096,218212.87001477138
house_754,d,301274.2424744074,469482.12819677626
house_755,e,396539.9078176277,638593.4251425624
house_756,a,304241.0002533877,461915.0896365247
house_757,b,98805.67825995664,147046.16118394514
house_758,c,108223.89806753343,158927.43786056695
house_759,d,329207.38001388806,461864.00352989195
house_760,e,124340.12924373281,187683.35739921095
house_761,a,395458.40319845226,611226.4830005437
house_762,b,197553.14542883905,297150.34316449036
house_763,c,359910.38093377795,570617.2784874468
house_764,d,203676.66646361785,316193.8713039917
house_765,e,140710.39502163747,215601.2703982288
house_766,a,83789.73534231092,116672.9157955949
house_767,b,110153.2188334957,168968.1579874696
house_768,c,165267.9726344024,227820.3191961642
house_769,d,54904.41061833589,77066.00266895028
house_770,e,373725.7614926958,567921.7380254857
house_771,a,157796.911604067,229664.54964637454
house_772,b,261900.8481106956,401201.1172433311
house_773,c,139159.13860086256,197996.028338826
house_774,d,78555.42829808156,109663.53807253741
house_775,e,115440.90545809979,174553.9275925428
house_776,a,294113.63319490605,443423.74903301476
house_777,b,180251.05934956291,277922.2401955066
house_778,c,277396.4890616167,424715.9658046417
house_779,d,345204.3702365421,554972.5328220248
house_780,e,358063.66260187025,519281.4822130443
house_781,a,127345.30037237224,201746.46141145698
house_782,b,127930.92825053842,196089.08073080823
house_783,c,71342.09765877102,109325.41270709664
house_784,d,163979.50820774323,263020.90757430665
house_785,e,316430.2811866851,467265.53108757996
house_786,a,149019.19280946406,236774.0696416699
house_787,b,361681.71571452025,524942.5658975737
house_788,c,276474.5620730107,410801.303597983
house_789,d,332093.81702503056,477604.47044796264
house_790,e,294505.15207009006,442284.944918661
house_791,a,282444.5839698755,412695.2983320736
house_792,b,303678.0197782832,461613.7210931128
house_793,c,285301.24778247275,432463.5576107149
house_794,d,211962.75446373934,311133.565940072
house_795,e,323942.99599231174,494220.28843260783
house_796,a,300813.8179223363,450512.98285743606
house_797,b,132020.8631775361,194724.3142599622
house_798,c,185930.62193729042,283245.32712994126
house_799,d,266021.5579158035,396609.49540746835
house_800,e,93288.97868173545,148602.82275317816
house_801,a,149028.9235535076,216926.99640976568
house_802,b,211975.94872512823,330036.71226314985
house_803,c,113210.53876306661,174215.94139596872
house_804,d,177617.22715631456,264392.5400292569
house_805,e,397681.5151420204,585381.2954390581
house_806,a,137556.0445034823,200536.0189973297
house_807,b,244653.6919300555,346708.0783509658
house_808,c,255411.02026230254,381091.90281921224
house_809,d,122832.515202832,181543.87558559165
house_810,e,272297.3845381663,419366.7270694785
house_811,a,363524.09893951664,543726.3807082913
house_812,b,217975.26381396502,325259.0787561534
house_813,c,331267.73946130497,514108.01672955137
house_814,d,239987.2587161561,371954.35083734785
house_815,e,330736.3677408399,514571.24809971394
house_816,a,77274.24312486623,118310.70772742857
house_817,b,139685.7021427773,209693.28585278548
house_818,c,354686.1912442935,531063.7206885061
house_819,d,110208.10201759104,171267.02990099555
house_820,e,388295.21559040324,603496.6498906438
house_821,a,128089.69667460749,199046.11682263316
house_822,b,154158.94607633568,232676.13050242365
house_823,c,151028.04021472298,235227.76950257536
house_824,d,395964.1149909743,572190.4012209888
house_825,e,249862.4555693127,386991.6259570061
house_826,a,120740.68593578233,174076.94570987654
house_827,b,114282.15935902236,172771.34110369885
house_828,c,356027.29153931135,498349.16890617466
house_829,d,209472.97530477002,296239.1635382881
house_830,e,331232.7520468285,490936.99807440146
house_831,a,271783.1122665149,388285.5718180697
house_832,b,206370.6712069299,321499.3862485699
house_833,c,208498.83466649833,317558.9097987735
house_834,d,332774.8942117501,479720.2889532171
house_835,e,144204.8660910747,221031.16587642592
house_836,a,134066.4934029467,207474.19869367825
house_837,b,166172.9676175702,246171.1503053047
house_838,c,303935.53314609197,489393.94447870704
house_839,d,218682.91577046041,344386.83581326983
house_840,e,248912.53533050706,370726.52984949865
house_841,a,264147.88617886254,387701.7272339298
house_842,b,219677.89598562507,334341.72686370695
house_843,c,217297.57964054242,331637.6482577849
house_844,d,144318.2209174275,221426.80447965633
house_845,e,267928.5058763755,395590.41338217736
house_846,a,309708.7357722359,445043.7177019457
house_847,b,380579.9417925032,571087.0528339687
house_848,c,89877.07366979195,137509.1198449213
house_849,d,203322.11638066676,291153.1475193221
house_850,e,121812.07915953724,174634.95784504127
house_851,a,52436.96370065068,78910.63135359892
house_852,b,144683.69471364515,213917.10770879316
house_853,c,242932.45310164004,376734.7850181099
house_854,d,157575.3479980317,239290.00697922328
house_855,e,105403.2848066238,156706.35843325706
house_856,a,365438.49980067,550629.5076880953
house_857,b,367034.6810655206,534619.7855750582
house_858,c,333233.1525782264,502130.8165673932
house_859,d,185483.7180934043,267161.91212558164
house_860,e,348698.5504550604,508896.1225758745
house_861,a,342045.5237686756,527431.8536649669
house_862,b,78893.50898244174,113371.64055051855
house_863,c,101601.75821299531,157799.6385594171
house_864,d,246067.31410969445,373868.6861540064
house_865,e,110983.79789934757,173516.61144197983
house_866,a,56579.27532241092,83918.20195324221
house_867,b,92238.29362063436,138241.14340847274
house_868,c,52003.51476797118,79063.95654125493
house_869,d,69992.28289057482,109298.49380818619
house_870,e,270852.58324229915,413574.9435208749
house_871,a,93133.9008588478,147020.7986567682
house_872,b,251139.59932059664,387044.04809053196
house_873,c,149156.89679865958,220735.31054457676
house_874,d,272494.85289420316,419230.2499086634
house_875,e,133213.85065398377,191158.44151227057
house_876,a,367713.45384865056,539676.4155819708
house_877,b,291470.5188479901,425460.1107967792
house_878,c,383979.42590904364,578312.269033089
house_879,d,339497.9420147097,531677.7721847075
house_880,e,305777.3742881573,457365.239151601
house_881,a,220673.13243591393,337809.34391081065
house_882,b,288610.2914772367,433779.3781594566
house_883,c,110320.69064845776,170725.78130050414
house_884,d,198743.13220523094,295968.7137602617
house_885,e,146555.97540275718,221569.44442461923
house_886,a,303555.96989811456,430774.5804944423
house_887,b,291279.33813601173,415067.3823662173
house_888,c,185422.43158144076,274010.1340171956
house_889,d,128100.86915447668,195143.96281901584
house_890,e,236150.96730198865,368543.9047406444
house_891,a,174277.56198127204,255397.94722192432
house_892,b,260717.38811939897,396870.4499548377
house_893,c,316701.88144965755,494529.99164986337
house_894,d,295114.03823301045,438355.4658267604
house_895,e,213903.46934737553,325027.77739859506
house_896,a,219833.50126796126,341410.2874552224
house_897,b,65218.04015536447,90697.84457981536
house_898,c,115701.68238684692,174485.64450245144
house_899,d,57244.16406855868,88522.12307583506
house_900,e,241649.9551536692,352804.3666700001
house_901,a,191135.6769290887,273086.8049115325
house_902,b,97657.48062249686,144037.1545796542
house_903,c,134463.3855710067,202357.1448571353
house_904,d,285140.31501973316,438679.15545649786
house_905,e,356006.36291465425,548449.1704668587
house_906,a,62368.820688507505,93077.06090030253
house_907,b,50631.48610984364,74464.68844898537
house_908,c,56552.00007999049,84443.78842900945
house_909,d,238495.42034612887,365040.56115401915
house_910,e,331317.8589866736,493836.9128704182
house_911,a,173754.1915301399,278166.0589449386
house_912,b,196511.37847013198,300257.3596819791
house_913,c,70702.85661631901,100617.10234612119
house_914,d,201557.85647479296,293682.8212362454
house_915,e,358690.395969714,543178.0101867039
house_916,a,158159.04407274502,230260.5399350662
house_917,b,161807.634244885,245641.30941172084
house_918,c,216456.39150209853,327081.20224879606
house_919,d,329782.8453058546,483850.8813548322
house_920,e,207724.23830950685,309135.4114422719
house_921,a,129783.15112505526,194962.78231342323
house_922,b,372426.8153726755,563442.4061833757
house_923,c,334275.59111093497,470145.2628410609
house_924,d,202505.61262577068,302667.72924239445
house_925,e,175550.69668641067,259979.2752071833
house_926,a,110625.99804208585,168042.27443053472
house_927,b,350911.2623353561,501319.6427761491
house_928,c,107042.98067077066,157634.88052554455
house_929,d,203895.89487877145,295801.20083610254
house_930,e,338317.14384979627,501358.59943155356
house_931,a,161441.97117853613,245181.56146736516
house_932,b,363909.9833710795,551517.9987944681
house_933,c,337970.5107974599,536358.8130821183
house_934,d,108440.79873017469,160322.91713017627
house_935,e,330220.09173260303,497289.8869307223
house_936,a,230456.16093186341,325293.38511569076
house_937,b,375987.302999447,548472.0235826522
house_938,c,125159.745728073,183001.12990257022
house_939,d,64438.60940477256,96407.43031227059
house_940,e,388439.58016911126,570608.1653999861
house_941,a,247529.92097157292,366272.5221486054
house_942,b,229111.56798817395,355118.338087726
house_943,c,114746.21573806644,178243.06282494718
house_944,d,151484.9721087903,220811.80401469828
house_945,e,354249.14892511605,541507.656122468
house_946,a,391164.56969952566,567138.8930148255
house_947,b,223281.5845160071,333538.24214972905
house_948,c,222297.4466789571,332059.0649660173
house_949,d,179099.45111597265,268345.88462871726
house_950,e,351134.65298966167,500488.0234339842
house_951,a,338425.0596444279,523264.97051891667
house_952,b,363070.80400169967,551245.7081386262
house_953,c,179075.41995374134,283408.2123276503
house_954,d,126231.5931880226,193753.35250336083
house_955,e,178120.4579560852,269117.32733398775
house_956,a,311476.9033035556,491636.07820185943
house_957,b,130585.2996203666,195396.1448067013
house_958,c,200583.5053247774,295737.8875012458
house_959,d,123366.81396135462,187446.6146604091
house_960,e,85005.68173197022,129682.41402286214
house_961,a,249297.62896346717,391213.49183461093
house_962,b,257936.01787705146,411289.2524235056
house_963,c,292623.85854078253,453323.5204855275
house_964,d,268501.4886101665,385258.76570764533
house_965,e,244672.47532442992,346434.88965044066
house_966,a,120711.4842521602,180142.60175793435
house_967,b,182797.65721990872,279482.11375550565
house_968,c,84934.23398238007,128862.39478083723
house_969,d,182632.6100322913,266500.7526153976
house_970,e,157798.43902670633,236803.29402859055
house_971,a,326426.5655623202,487707.07203125936
house_972,b,228464.74983343607,330884.8199184407
house_973,c,201774.5286173165,298642.2389012022
house_974,d,120659.84331143057,180236.55369084683
house_975,e,142735.0265102961,210715.5955096664
house_976,a,174270.56031539687,259808.12369987625
house_977,b,207525.2353728349,315486.4668278679
house_978,c,311632.58865541546,461703.28262618376
house_979,d,330400.24922134756,499519.6066819844
house_980,e,185638.5115948935,277383.6077064621
house_981,a,198726.59217671375,284664.7891936125
house_982,b,346939.5298453026,559002.6430592182
house_983,c,51580.768514871306,75280.22611663397
house_984,d,216085.04562910032,317908.0084577702
house_985,e,197813.61003803462,295600.404592253
house_986,a,98465.50713007784,146540.30409630737
house_987,b,214702.5074078181,334283.33037574706
house_988,c,83523.32007631213,122915.57416444708
house_989,d,307489.50413643254,469897.8932588161
house_990,e,360366.8886872518,533461.4703543136
house_991,a,234930.39579339323,350916.8090706379
house_992,b,219318.91014349306,306635.85208259395
house_993,c,290944.9510991106,434407.7828897087
house_994,d,389459.1314264243,571523.5901031552
house_995,e,261100.57009419007,381345.48034699325
house_996,a,325478.48877361784,496419.44428049104
house_997,b,184074.79583228112,276527.57716275443
house_998,c,282538.08205127285,441487.42631534854
house_999,d,211189.5646626984,310139.7116474682
house_1000,e,194060.82047893686,295372.1856335363
